media,n_samples,accuracy,macro_f1
CYA,655,1.0,1.0
MEAox,721,1.0,1.0
PDA,669,1.0,1.0
OAT,684,0.9985380116959064,0.9984459984459984
CREA,669,0.9985052316890882,0.9990504747626188
YES,657,0.9969558599695586,0.99750651374583
