{"val_top1":0.9678910374641418,"_timestamp":1.7496311746877646e+09,"_runtime":1.145414083,"_step":0,"_wandb":{"runtime":1}}